"Variable","Coeff.","Std. Err.","t-value","P>|t|"
"age",0.009898479904089529,0.0022419467093942854,4.415127202895842,0.000014213255527195656
"anaemia",0.03869276861105633,0.05371414613542479,0.7203459683321343,0.47188628006469147
"diabetes",0.02344029638815916,0.054419164447324905,0.43073605826580125,0.6669769858345478
"platelets",-0.00000018493281971906846,0.0000002730452493974268,-0.6772973348820011,0.49875173829421215
"sex",-0.017441862073100837,0.05659499157358942,-0.3081873782138744,0.7581587381650432
"Intercept",-0.24756548723624766,0.16711700556802284,-1.4813901577208388,0.13957722889737312
