"Pair","Label","t","df","p-value (2-tailed)","Mean","Standard Deviation","Standard Error Mean","Confidence Interval Probability","Confidence Interval of the Difference (Lower Bound)","Confidence Interval of the Difference (Upper Bound)"
"Pair 1","age - diabetes",87.38625376224691,298,0.0000000000000000000000000000000000000000000000000000000000000000000000000000000000000000000000000000000000000000000000000000000000000000000000000000000000000000000000000000000000000000000000000000000000000000000002012312999788819,60.41583277591974,11.954825431295417,0.6913654055967887,0.95,59.05525572787276,61.776409823966716
"Pair 2","age - anaemia",88.05469043243751,298,0.000000000000000000000000000000000000000000000000000000000000000000000000000000000000000000000000000000000000000000000000000000000000000000000000000000000000000000000000000000000000000000000000000000000000000000000022602115481486255,60.40245484949833,11.86144744499609,0.6859652172174048,0.95,59.05250513730681,61.75240456168986
"Pair 3","age - high_blood_pressure",88.18423072101152,298,0.000000000000000000000000000000000000000000000000000000000000000000000000000000000000000000000000000000000000000000000000000000000000000000000000000000000000000000000000000000000000000000000000000000000000000000000014821879008958368,60.48272240802674,11.859762569060825,0.6858677783262174,0.95,59.13296445133508,61.8324803647184
"Pair 4","age - DEATH_EVENT",88.78908299122891,298,0.0000000000000000000000000000000000000000000000000000000000000000000000000000000000000000000000000000000000000000000000000000000000000000000000000000000000000000000000000000000000000000000000000000000000000000000000020824564841353496,60.51282274247492,11.78483307715445,0.6815344939248074,0.95,59.171592501013855,61.85405298393598
