"Label","Test Value","t","df","p-value (2-tailed)","Mean Difference","Confidence Interval Probability","Confidence Interval of the Difference (Lower Bound)","Confidence Interval of the Difference (Upper Bound)"
"age",0,88.43490794379349,298,0.000000000000000000000000000000000000000000000000000000000000000000000000000000000000000000000000000000000000000000000000000000000000000000000000000000000000000000000000000000000000000000000000000000000000000000000006561544070373478,60.833892976588636,0.95,59.48014638195583,62.187639571221446
"diabetes",0,14.631488638211597,298,0.0000000000000000000000000000000000006586984887772496,0.4180602006688965,0.95,0.36183049553107227,0.4742899058067207
"high_blood_pressure",0,12.69994723586734,298,0.000000000000000000000000000007879963610188905,0.3511705685618729,0.95,0.2967539326245493,0.4055872044991965
"serum_sodium",0,535.4077033303738,298,0,136.62541806020067,0.95,136.12323462372828,137.12760149667307
"sex",0,23.464664416745347,298,0.0000000000000000000000000000000000000000000000000000000000000000000010960257912025773,0.6488294314381267,0.95,0.5944127955008031,0.7032460673754503
"smoking",0,11.87123028057263,298,0.000000000000000000000000007080448166895882,0.32107023411371266,0.95,0.2678447266296272,0.3742957415977981
"DEATH_EVENT",0,11.87123028057262,298,0.000000000000000000000000007080448166896397,0.3210702341137126,0.95,0.2678447266296271,0.3742957415977981
